id,timestamp,company_cik,source_file,calculation_version,s3_path,gcs_path,notes
63ecb32cb401428fb0f401b156a6a05f,2025-09-25T19:08:39.212614+00:00,Demo Corp,emissions_calculator,0.1,,,"{'action': 'emissions_calculate', 'version': '0.1', 'components': {'scope1': {'fuel_type': 'natural_gas', 'unit': 'mmbtu', 'amount': 1000.0, 'factor': 53.06, 'emissions_kg': 53060.0}, 'scope2': {'region': 'US_default', 'kwh': 500000.0, 'factor': 0.4, 'emissions_kg': 200000.0}}, 'totals': {'emissions_kg': 253060.0, 'emissions_tonnes': 253.06}}"
410d08e1de674c91af2de56f213366ff,2025-09-25T19:07:55.480584+00:00,Demo Corp,sec_exporter,v0.1.0,,,"{'action': 'export_package', 'url': 'uploads/exports/demo_corp_sec_package_20250925_190755.zip', 'file': 'demo_corp_sec_package_20250925_190755.zip'}"
d3ccd1967e5b47be97ee197d8c026daf,2025-09-25T19:07:29.219801+00:00,Demo Corp,emissions_calculator,0.1,,,"{'action': 'emissions_calculate', 'version': '0.1', 'components': {'scope1': {'fuel_type': 'natural_gas', 'unit': 'mmbtu', 'amount': 1000.0, 'factor': 53.06, 'emissions_kg': 53060.0}, 'scope2': {'region': 'US_default', 'kwh': 500000.0, 'factor': 0.4, 'emissions_kg': 200000.0}}, 'totals': {'emissions_kg': 253060.0, 'emissions_tonnes': 253.06}}"
3ab0a0ed162c44218c1777c82d624b97,2025-09-25T19:01:25.803725+00:00,Demo Corp,sec_exporter,v0.1.0,,,"{'action': 'export_package', 'url': 'uploads/exports/demo_corp_sec_package_20250925_190125.zip', 'file': 'demo_corp_sec_package_20250925_190125.zip'}"
29a135bd90e84367b9507260e8108382,2025-09-25T18:58:26.226064+00:00,Demo Corp,emissions_calculator,0.1,,,"{'action': 'emissions_calculate', 'version': '0.1', 'components': {'scope1': {'fuel_type': 'natural_gas', 'unit': 'mmbtu', 'amount': 1000.0, 'factor': 53.06, 'emissions_kg': 53060.0}, 'scope2': {'region': 'US_default', 'kwh': 500000.0, 'factor': 0.4, 'emissions_kg': 200000.0}}, 'totals': {'emissions_kg': 253060.0, 'emissions_tonnes': 253.06}}"
362e387858004b8a9c52364bb81c38e2,2025-09-25T18:25:57.677302+00:00,Demo Corp,emissions_calculator,0.1,,,"{'action': 'emissions_calculate', 'version': '0.1', 'components': {'scope1': {'fuel_type': 'natural_gas', 'unit': 'mmbtu', 'amount': 1000.0, 'factor': 53.06, 'emissions_kg': 53060.0}, 'scope2': {'region': 'US_default', 'kwh': 500000.0, 'factor': 0.4, 'emissions_kg': 200000.0}}, 'totals': {'emissions_kg': 253060.0, 'emissions_tonnes': 253.06}}"
