{
  "company": "DemoCo",
  "reporting_period": 2024,
  "scope1_emissions_tonnes": 0.051,
  "scope2_emissions_tonnes": 0.2,
  "total_emissions_tonnes": 0.25105,
  "calculation_methodology": "EPA emission factors v0.1",
  "verification_status": "cross-validated",
  "data_sources": [
    "EPA",
    "CAMPD"
  ],
  "last_updated": "2025-09-25T11:02:39.573933+00:00",
  "scope1_details": {
    "fuel_type": "diesel",
    "amount": 5.0,
    "unit": "gallon",
    "emission_factor": 10.21
  },
  "scope2_details": {
    "kwh": 500.0,
    "grid_region": "US_default",
    "emission_factor": 0.4
  }
}