{
  "company": "Demo Corp",
  "reporting_period": 2024,
  "scope1_emissions_tonnes": 53.06,
  "scope2_emissions_tonnes": 200.0,
  "total_emissions_tonnes": 253.06,
  "calculation_methodology": "EPA emission factors v0.1",
  "verification_status": "cross-validated",
  "data_sources": [
    "EPA",
    "CAMPD"
  ],
  "last_updated": "2025-09-25T19:07:46.229870+00:00",
  "scope1_details": {
    "fuel_type": "natural_gas",
    "amount": 1000.0,
    "unit": "mmbtu",
    "emission_factor": 53.06
  },
  "scope2_details": {
    "kwh": 500000.0,
    "grid_region": "US_default",
    "emission_factor": 0.4
  }
}