id,timestamp,company_cik,source_file,calculation_version,s3_path,gcs_path,notes
b25625b5a67946cdaca2a857c57ff4d4,2025-09-24T18:41:03,DemoCo,emissions_calculator,0.1,,,"{'action': 'emissions_calculate', 'version': '0.1', 'components': {'scope1': {'fuel_type': 'diesel', 'unit': 'gallon', 'amount': 10.0, 'factor': 10.21, 'emissions_kg': 102.1}, 'scope2': {'region': 'US_default', 'kwh': 1000.0, 'factor': 0.4, 'emissions_kg': 400.0}}, 'totals': {'emissions_kg': 502.1, 'emissions_tonnes': 0.5021}}"
f36416e50d6b45479797e6f502f111a7,2025-09-24T18:00:23,DemoCo,emissions_calculator,0.1,,,"{'action': 'emissions_calculate', 'version': '0.1', 'components': {'scope1': {'fuel_type': 'diesel', 'unit': 'gallon', 'amount': 10.0, 'factor': 10.21, 'emissions_kg': 102.1}, 'scope2': {'region': 'US_default', 'kwh': 1000.0, 'factor': 0.4, 'emissions_kg': 400.0}}, 'totals': {'emissions_kg': 502.1, 'emissions_tonnes': 0.5021}}"
a13429f316814887a1a512af46b0982a,2025-09-24T17:34:10,DemoCo,emissions_calculator,0.1,,,"{'action': 'emissions_calculate', 'version': '0.1', 'components': {'scope1': {'fuel_type': 'diesel', 'unit': 'gallon', 'amount': 10.0, 'factor': 10.21, 'emissions_kg': 102.1}, 'scope2': {'region': 'US_default', 'kwh': 1000.0, 'factor': 0.4, 'emissions_kg': 400.0}}, 'totals': {'emissions_kg': 502.1, 'emissions_tonnes': 0.5021}}"
f51d58d602a6439aa4b12d2080ee440e,2025-09-24T17:17:02,DemoCo,emissions_calculator,0.1,,,"{'action': 'emissions_calculate', 'version': '0.1', 'components': {'scope1': {'fuel_type': 'diesel', 'unit': 'gallon', 'amount': 10.0, 'factor': 10.21, 'emissions_kg': 102.1}, 'scope2': {'region': 'US_default', 'kwh': 1000.0, 'factor': 0.4, 'emissions_kg': 400.0}}, 'totals': {'emissions_kg': 502.1, 'emissions_tonnes': 0.5021}}"
580aa1ccf191426095b4a10f5d86fa29,2025-09-24T17:09:39,DemoCo,emissions_calculator,0.1,,,"{'action': 'emissions_calculate', 'version': '0.1', 'components': {'scope1': {'fuel_type': 'diesel', 'unit': 'gallon', 'amount': 10.0, 'factor': 10.21, 'emissions_kg': 102.1}, 'scope2': {'region': 'US_default', 'kwh': 1000.0, 'factor': 0.4, 'emissions_kg': 400.0}}, 'totals': {'emissions_kg': 502.1, 'emissions_tonnes': 0.5021}}"
5d1d6137b0f94bcb8780cb9ef5f57c1a,2025-09-24T17:09:07,DemoCo,emissions_calculator,0.1,,,"{'action': 'emissions_calculate', 'version': '0.1', 'components': {'scope1': {'fuel_type': 'diesel', 'unit': 'gallon', 'amount': 10.0, 'factor': 10.21, 'emissions_kg': 102.1}, 'scope2': {'region': 'US_default', 'kwh': 1000.0, 'factor': 0.4, 'emissions_kg': 400.0}}, 'totals': {'emissions_kg': 502.1, 'emissions_tonnes': 0.5021}}"
